batch_size,next_n,heads,index_dim,avg_kv_length,var_ratio,deepgemm_us,moreh_us,speedup,num_warp,chunkK,splitK
2,1,32,128,65536,0.00390625,14.3,16.6,0.866,4,64,880
2,2,32,128,65536,0.00390625,30.9,23.5,1.318,8,64,168
10,1,32,128,65536,0.00390625,61.5,40.1,1.532,8,128,56
10,2,32,128,65536,0.00390625,119.8,66.4,1.803,4,64,64
