batch_size,next_n,heads,index_dim,avg_kv_length,var_ratio,deepgemm_us,moreh_us,speedup,top_configs
4,1,32,128,65536,0.00390625,30.9,23.9,1.293,"[(8, 64, 208, 23), (8, 128, 384, 26), (8, 128, 264, 26), (8, 128, 376, 26), (8, 128, 400, 26), (8, 64, 104, 26), (8, 128, 392, 26), (4, 64, 880, 26), (4, 64, 736, 26), (8, 128, 152, 27)]"
4,2,32,128,65536,0.00390625,59.3,38.7,1.532,"[(4, 64, 512, 38), (4, 64, 136, 40), (8, 64, 72, 40), (4, 64, 160, 40), (4, 64, 96, 40), (4, 64, 112, 40), (8, 128, 64, 40), (4, 64, 680, 40), (8, 128, 80, 40), (8, 128, -1, 40)]"
12,1,32,128,65536,0.00390625,81.1,49.9,1.624,"[(4, 64, 96, 49), (4, 64, 240, 51), (4, 64, 248, 51), (4, 64, 80, 51), (4, 64, 72, 51), (8, 64, 72, 52), (8, 128, -1, 52), (8, 128, 48, 52), (4, 64, 408, 52), (4, 64, 432, 52)]"
12,2,32,128,65536,0.00390625,166.8,85.0,1.962,"[(8, 128, 24, 85), (4, 64, 48, 85), (4, 64, 40, 86), (4, 64, 32, 86), (4, 64, -1, 87), (8, 64, 24, 87), (8, 64, 32, 87), (2, 64, 64, 88), (4, 128, -1, 89), (4, 128, 32, 89)]"
