batch_size,next_n,heads,index_dim,avg_kv_length,var_ratio,deepgemm_us,moreh_us,speedup,top_configs
1,1,32,128,65536,0.00390625,9.0,12.3,0.734,"[(8, 128, 496, 12), (8, 128, 328, 12), (8, 128, 464, 12), (8, 128, 456, 12), (8, 128, 416, 12), (8, 128, 376, 12), (4, 64, 840, 12), (4, 64, 760, 12), (8, 128, 472, 12), (4, 64, 736, 12)]"
1,2,32,128,65536,0.00390625,12.0,12.8,0.942,"[(8, 128, 384, 12), (8, 128, 368, 13), (2, 64, 984, 16), (4, 128, 512, 16), (4, 128, 496, 16), (4, 128, 488, 16), (2, 64, 976, 16), (8, 128, 264, 16), (8, 128, 280, 16), (8, 128, 448, 16)]"
9,1,32,128,65536,0.00390625,60.2,35.3,1.704,"[(8, 128, 64, 35), (2, 64, 168, 36), (4, 64, 168, 37), (4, 64, 160, 37), (4, 64, 152, 38), (8, 64, 56, 39), (2, 64, 152, 39), (2, 64, 160, 39), (8, 64, 160, 41), (4, 128, 64, 41)]"
9,2,32,128,65536,0.00390625,138.6,62.9,2.205,"[(4, 64, 80, 62), (4, 64, 72, 63), (8, 128, 24, 64), (4, 64, 304, 65), (4, 64, 288, 65), (4, 64, 296, 65), (4, 64, 272, 66), (2, 64, 80, 67), (4, 64, 336, 67), (4, 64, 320, 67)]"
