batch_size,next_n,heads,index_dim,avg_kv_length,var_ratio,deepgemm_us,moreh_us,speedup,top_configs
7,1,32,128,65536,0.00390625,48.4,31.5,1.537,"[(8, 128, 152, 31), (8, 128, 136, 31), (8, 128, 168, 31), (4, 64, 136, 31), (8, 128, 144, 31), (8, 128, 160, 31), (4, 64, 144, 31), (8, 64, 136, 32), (8, 64, 144, 32), (4, 128, 136, 33)]"
7,2,32,128,65536,0.00390625,91.3,52.8,1.73,"[(4, 64, 72, 52), (4, 64, 104, 53), (8, 128, 64, 53), (4, 64, 112, 53), (4, 128, 64, 54), (8, 64, 72, 55), (2, 64, 104, 56), (2, 64, 112, 56), (4, 64, 216, 56), (4, 64, 464, 56)]"
15,1,32,128,65536,0.00390625,89.0,54.5,1.633,"[(4, 64, 80, 54), (8, 128, 136, 54), (8, 64, 136, 55), (4, 64, 200, 55), (4, 64, 136, 55), (4, 64, 144, 55), (4, 64, 184, 55), (8, 64, 144, 55), (8, 128, 152, 56), (8, 64, 80, 56)]"
15,2,32,128,65536,0.00390625,179.0,89.9,1.991,"[(8, 128, 24, 89), (4, 64, 40, 94), (8, 64, 40, 95), (8, 128, 64, 95), (8, 64, 24, 95), (8, 64, 72, 98), (4, 64, 24, 99), (8, 128, 40, 99), (8, 128, -1, 99), (8, 128, 16, 99)]"
