batch_size,next_n,heads,index_dim,avg_kv_length,var_ratio,deepgemm_us,moreh_us,speedup,top_configs
2,1,32,128,65536,0.00390625,14.3,16.6,0.866,"[(4, 64, 880, 16), (4, 64, 888, 16), (4, 64, 768, 16), (4, 64, 400, 17), (8, 128, 336, 17), (4, 64, 992, 17), (4, 64, 904, 17), (4, 64, 528, 17), (4, 64, 984, 17), (4, 64, 592, 17)]"
2,2,32,128,65536,0.00390625,30.9,23.5,1.318,"[(8, 64, 168, 23), (8, 64, 152, 23), (8, 64, 160, 23), (4, 64, 480, 24), (4, 64, 344, 24), (4, 64, 328, 24), (8, 64, 176, 24), (2, 64, 480, 25), (4, 64, 224, 25), (4, 64, 248, 25)]"
10,1,32,128,65536,0.00390625,61.5,40.1,1.532,"[(8, 128, 56, 40), (8, 128, 80, 41), (4, 128, 80, 42), (8, 256, 32, 43), (4, 64, 88, 44), (8, 128, 240, 44), (8, 128, 224, 44), (8, 128, 216, 44), (8, 128, 232, 45), (4, 64, 120, 45)]"
10,2,32,128,65536,0.00390625,119.8,66.4,1.803,"[(4, 64, 64, 66), (8, 64, 64, 69), (4, 64, 56, 70), (2, 64, 64, 72), (8, 64, 40, 72), (4, 64, 40, 73), (8, 128, -1, 73), (8, 64, 96, 74), (4, 64, 328, 75), (8, 128, 24, 75)]"
