batch_size,next_n,heads,index_dim,avg_kv_length,var_ratio,deepgemm_us,moreh_us,speedup,num_warp,chunkK,splitK
7,1,32,128,65536,0.00390625,48.4,31.5,1.537,8,128,152
7,2,32,128,65536,0.00390625,91.3,52.8,1.73,4,64,72
15,1,32,128,65536,0.00390625,89.0,54.5,1.633,4,64,80
15,2,32,128,65536,0.00390625,179.0,89.9,1.991,8,128,24
