batch_size,next_n,heads,index_dim,avg_kv_length,var_ratio,deepgemm_us,moreh_us,speedup,top_configs
3,1,32,128,65536,0.00390625,28.4,20.5,1.383,"[(8, 128, 368, 20), (8, 128, 360, 20), (8, 128, 352, 20), (8, 64, 280, 20), (8, 64, 224, 21), (8, 64, 248, 21), (8, 128, 224, 23), (4, 64, 296, 23), (4, 64, 280, 23), (8, 128, 256, 23)]"
3,2,32,128,65536,0.00390625,43.5,31.3,1.391,"[(8, 64, 200, 31), (2, 64, 240, 31), (4, 64, 168, 33), (4, 64, 120, 33), (4, 64, 152, 33), (8, 128, 96, 33), (8, 128, 88, 33), (4, 64, 128, 34), (8, 64, -1, 34), (8, 64, 168, 34)]"
11,1,32,128,65536,0.00390625,72.8,42.4,1.719,"[(8, 64, 80, 42), (4, 64, 144, 43), (4, 64, 80, 43), (4, 64, 136, 44), (2, 64, 136, 45), (8, 128, 192, 45), (8, 128, 232, 45), (8, 128, 184, 45), (2, 64, 144, 45), (8, 128, 240, 45)]"
11,2,32,128,65536,0.00390625,168.5,69.6,2.422,"[(4, 64, 40, 69), (8, 64, 40, 69), (8, 128, 40, 71), (4, 128, 40, 72), (4, 64, 136, 72), (4, 64, 144, 73), (8, 64, 88, 76), (8, 64, 80, 76), (4, 64, 48, 77), (8, 128, 168, 77)]"
