batch_size,next_n,heads,index_dim,avg_kv_length,var_ratio,deepgemm_us,moreh_us,speedup,num_warp,chunkK,splitK
1,1,32,128,65536,0.00390625,9.0,12.3,0.734,8,128,496
1,2,32,128,65536,0.00390625,12.0,12.8,0.942,8,128,384
9,1,32,128,65536,0.00390625,60.2,35.3,1.704,8,128,64
9,2,32,128,65536,0.00390625,138.6,62.9,2.205,4,64,80
