batch_size,next_n,heads,index_dim,avg_kv_length,var_ratio,deepgemm_us,moreh_us,speedup,num_warp,chunkK,splitK
4,1,32,128,65536,0.00390625,30.9,23.9,1.293,8,64,208
4,2,32,128,65536,0.00390625,59.3,38.7,1.532,4,64,512
12,1,32,128,65536,0.00390625,81.1,49.9,1.624,4,64,96
12,2,32,128,65536,0.00390625,166.8,85.0,1.962,8,128,24
