batch_size,next_n,heads,index_dim,avg_kv_length,var_ratio,deepgemm_us,moreh_us,speedup,num_warp,chunkK,splitK
5,1,32,128,65536,0.00390625,40.8,27.4,1.486,8,64,200
5,2,32,128,65536,0.00390625,69.4,42.1,1.647,4,64,120
13,1,32,128,65536,0.00390625,87.7,43.8,2.001,4,64,112
13,2,32,128,65536,0.00390625,176.6,75.3,2.345,8,128,-1
