batch_size,next_n,heads,index_dim,avg_kv_length,var_ratio,deepgemm_us,moreh_us,speedup,num_warp,chunkK,splitK
3,1,32,128,65536,0.00390625,28.4,20.5,1.383,8,128,368
3,2,32,128,65536,0.00390625,43.5,31.3,1.391,8,64,200
11,1,32,128,65536,0.00390625,72.8,42.4,1.719,8,64,80
11,2,32,128,65536,0.00390625,168.5,69.6,2.422,4,64,40
