batch_size,next_n,heads,index_dim,avg_kv_length,var_ratio,deepgemm_us,moreh_us,speedup,top_configs
6,1,32,128,65536,0.00390625,46.7,29.6,1.581,"[(4, 64, 120, 29), (4, 64, 104, 29), (4, 64, 96, 30), (4, 64, 88, 30), (4, 64, 80, 32), (8, 128, 96, 33), (4, 64, 152, 33), (4, 64, 168, 33), (8, 128, -1, 33), (4, 64, 136, 33)]"
6,2,32,128,65536,0.00390625,81.6,51.5,1.586,"[(8, 128, 40, 51), (8, 64, 72, 51), (4, 64, 96, 52), (8, 128, 48, 52), (8, 64, 48, 52), (4, 64, 64, 53), (8, 64, -1, 53), (8, 128, -1, 53), (4, 128, 72, 53), (4, 64, 80, 53)]"
14,1,32,128,65536,0.00390625,90.1,46.5,1.938,"[(8, 128, 40, 46), (8, 64, 40, 46), (4, 64, 88, 50), (8, 64, 64, 51), (8, 128, 152, 52), (8, 128, 136, 52), (8, 128, 144, 52), (8, 128, 160, 52), (8, 128, 168, 52), (8, 64, 88, 53)]"
14,2,32,128,65536,0.00390625,169.8,84.5,2.009,"[(4, 64, 40, 84), (8, 64, 40, 88), (4, 64, 32, 91), (8, 128, -1, 91), (8, 64, 32, 91), (4, 64, 80, 95), (8, 64, -1, 97), (8, 64, 80, 97), (8, 128, 40, 97), (4, 64, 112, 98)]"
