batch_size,next_n,heads,index_dim,avg_kv_length,var_ratio,deepgemm_us,moreh_us,speedup,num_warp,chunkK,splitK
6,1,32,128,65536,0.00390625,46.7,29.6,1.581,4,64,120
6,2,32,128,65536,0.00390625,81.6,51.5,1.586,8,128,40
14,1,32,128,65536,0.00390625,90.1,46.5,1.938,8,128,40
14,2,32,128,65536,0.00390625,169.8,84.5,2.009,4,64,40
