batch_size,next_n,heads,index_dim,avg_kv_length,var_ratio,deepgemm_us,moreh_us,speedup,top_configs
5,1,32,128,65536,0.00390625,40.8,27.4,1.486,"[(8, 64, 200, 27), (4, 64, 288, 27), (4, 64, 280, 27), (4, 64, 272, 27), (8, 128, 104, 28), (8, 128, -1, 28), (8, 128, 112, 28), (8, 64, 208, 28), (8, 64, 216, 28), (8, 128, 120, 28)]"
5,2,32,128,65536,0.00390625,69.4,42.1,1.647,"[(4, 64, 120, 42), (4, 64, 128, 42), (4, 64, 112, 42), (4, 64, 136, 43), (8, 64, 56, 43), (8, 64, -1, 44), (8, 128, -1, 44), (8, 128, 64, 44), (8, 64, 88, 45), (4, 64, 88, 46)]"
13,1,32,128,65536,0.00390625,87.7,43.8,2.001,"[(4, 64, 112, 43), (4, 64, 104, 44), (8, 128, 112, 47), (8, 128, 104, 47), (8, 128, 120, 47), (8, 128, 128, 47), (8, 128, 64, 48), (2, 64, 104, 48), (2, 64, 112, 48), (4, 128, 64, 49)]"
13,2,32,128,65536,0.00390625,176.6,75.3,2.345,"[(8, 128, -1, 75), (4, 64, 48, 79), (8, 128, 56, 80), (4, 128, -1, 81), (8, 128, 64, 84), (8, 64, -1, 85), (8, 128, 80, 85), (8, 128, 48, 86), (4, 64, 96, 86), (8, 128, 120, 87)]"
