batch_size,next_n,heads,index_dim,avg_kv_length,var_ratio,deepgemm_us,moreh_us,speedup,top_configs
8,1,32,128,65536,0.00390625,55.6,37.4,1.486,"[(4, 128, 128, 37), (8, 128, 480, 39), (8, 128, 80, 39), (4, 64, 152, 40), (4, 64, 120, 40), (4, 64, 104, 40), (8, 64, 112, 40), (8, 64, 104, 40), (8, 64, 120, 40), (4, 64, 80, 40)]"
8,2,32,128,65536,0.00390625,102.4,47.3,2.165,"[(4, 64, 88, 47), (8, 128, 56, 47), (4, 64, 96, 48), (8, 64, 56, 49), (8, 128, 32, 49), (4, 64, 56, 49), (8, 128, 64, 49), (4, 64, 64, 50), (4, 64, 80, 50), (4, 64, 72, 50)]"
16,1,32,128,65536,0.00390625,104.7,61.1,1.714,"[(4, 64, 56, 61), (4, 64, 72, 61), (8, 128, 32, 62), (8, 64, 56, 62), (4, 64, 88, 63), (4, 64, 48, 63), (4, 64, 64, 63), (4, 64, 40, 63), (4, 64, -1, 63), (4, 64, 200, 64)]"
16,2,32,128,65536,0.00390625,215.3,74.9,2.873,"[(4, 64, 48, 74), (8, 128, -1, 78), (8, 128, 24, 78), (4, 64, 40, 79), (4, 64, 88, 81), (8, 128, 64, 81), (8, 64, 32, 81), (8, 128, 48, 82), (4, 64, 80, 82), (4, 64, 32, 82)]"
