batch_size,next_n,heads,index_dim,avg_kv_length,var_ratio,deepgemm_us,moreh_us,speedup,num_warp,chunkK,splitK
8,1,32,128,65536,0.00390625,55.6,37.4,1.486,4,128,128
8,2,32,128,65536,0.00390625,102.4,47.3,2.165,4,64,88
16,1,32,128,65536,0.00390625,104.7,61.1,1.714,4,64,56
16,2,32,128,65536,0.00390625,215.3,74.9,2.873,4,64,48
