batch_size,next_n,heads,index_dim,avg_kv_length,var_ratio,deepgemm_us,moreh_us,speedup,top_configs
3,1,32,128,65536,0.00390625,27.3,19.3,1.413,"[(8, 64, 88, 19), (8, 128, 240, 19), (8, 64, 120, 19), (8, 64, 80, 20), (8, 128, 176, 20), (8, 128, 184, 20), (8, 128, 168, 20), (2, 64, -1, 20), (8, 128, 208, 20), (8, 64, 104, 20)]"
3,2,32,128,65536,0.00390625,46.7,31.3,1.489,"[(2, 64, -1, 31), (4, 64, 896, 32), (4, 64, 920, 32), (4, 64, 720, 32), (4, 64, 936, 32), (8, 128, -1, 33), (8, 128, 88, 33), (4, 64, 136, 33), (8, 64, -1, 33), (4, 64, -1, 33)]"
11,1,32,128,65536,0.00390625,74.2,42.3,1.754,"[(4, 64, 80, 42), (4, 64, 192, 42), (4, 64, 176, 43), (4, 64, 200, 43), (4, 64, 184, 43), (8, 64, 80, 43), (8, 128, 208, 44), (2, 64, 80, 44), (8, 128, 216, 45), (8, 64, 184, 46)]"
11,2,32,128,65536,0.00390625,165.5,66.8,2.479,"[(4, 64, 40, 66), (8, 64, 40, 67), (2, 64, 40, 72), (4, 64, 144, 73), (8, 128, 40, 74), (4, 64, 80, 74), (8, 128, 48, 75), (4, 64, 136, 75), (4, 64, 88, 76), (4, 64, 192, 76)]"
