batch_size,next_n,heads,index_dim,avg_kv_length,var_ratio,deepgemm_us,moreh_us,speedup,top_configs
2,1,32,128,65536,0.00390625,14.3,12.0,1.197,"[(8, 256, 144, 11), (8, 128, 208, 13), (8, 128, 200, 13), (8, 128, 224, 13), (8, 128, 216, 14), (8, 256, 256, 14), (8, 256, 248, 14), (4, 64, 760, 15), (4, 64, 888, 15), (8, 256, 224, 15)]"
2,2,32,128,65536,0.00390625,30.6,23.2,1.318,"[(8, 64, 216, 23), (8, 64, 200, 23), (2, 64, 312, 23), (2, 64, 336, 23), (8, 64, 192, 23), (2, 64, 304, 23), (2, 64, -1, 24), (4, 64, 896, 24), (4, 64, 872, 24), (4, 64, 720, 24)]"
10,1,32,128,65536,0.00390625,64.8,41.7,1.553,"[(8, 256, 32, 41), (8, 128, 32, 42), (4, 64, 48, 43), (8, 128, 56, 43), (8, 64, 56, 43), (4, 128, 56, 43), (4, 64, 152, 44), (4, 64, 56, 44), (4, 64, 184, 44), (4, 64, 168, 44)]"
10,2,32,128,65536,0.00390625,110.9,67.6,1.639,"[(4, 128, -1, 67), (8, 128, -1, 70), (4, 64, 40, 71), (4, 128, 64, 72), (2, 64, 40, 72), (8, 128, 56, 73), (8, 128, 24, 73), (4, 64, 192, 73), (4, 128, 24, 73), (4, 64, 200, 73)]"
