batch_size,next_n,heads,index_dim,avg_kv_length,var_ratio,deepgemm_us,moreh_us,speedup,top_configs
1,1,32,128,65536,0.00390625,8.6,11.2,0.766,"[(2, 64, -1, 11), (8, 128, 376, 11), (8, 128, 280, 11), (8, 128, 328, 11), (8, 128, 456, 11), (8, 128, 400, 11), (8, 128, 440, 11), (4, 128, 488, 11), (8, 128, 472, 11), (8, 128, 264, 11)]"
1,2,32,128,65536,0.00390625,12.6,14.9,0.848,"[(4, 64, 456, 14), (4, 64, 448, 14), (4, 64, 440, 14), (4, 64, 320, 15), (4, 128, 376, 15), (4, 128, 368, 15), (4, 128, 400, 15), (4, 128, 360, 15), (4, 64, 312, 15), (4, 128, 384, 15)]"
9,1,32,128,65536,0.00390625,60.7,33.2,1.831,"[(8, 128, 64, 33), (4, 128, 64, 34), (8, 64, 56, 37), (4, 64, 56, 38), (4, 64, 168, 39), (4, 64, 152, 39), (4, 64, 160, 40), (2, 128, 64, 40), (8, 64, 152, 41), (8, 64, 160, 41)]"
9,2,32,128,65536,0.00390625,135.7,63.7,2.129,"[(8, 128, 24, 63), (4, 64, 248, 64), (4, 64, 216, 64), (4, 64, 208, 64), (4, 64, 256, 64), (4, 64, 240, 65), (4, 64, 232, 65), (4, 64, 120, 65), (4, 64, 224, 65), (4, 128, 24, 66)]"
