batch_size,next_n,heads,index_dim,avg_kv_length,var_ratio,deepgemm_us,moreh_us,speedup,top_configs
8,1,32,128,65536,0.00390625,55.3,35.4,1.561,"[(4, 64, 96, 35), (4, 64, 72, 35), (4, 64, 240, 38), (2, 64, -1, 38), (8, 64, 328, 38), (4, 64, 664, 39), (8, 64, 312, 39), (4, 64, 800, 39), (4, 64, 784, 39), (8, 64, 296, 39)]"
8,2,32,128,65536,0.00390625,100.5,46.1,2.178,"[(4, 64, 72, 46), (4, 64, 64, 46), (4, 64, 56, 46), (8, 128, 32, 47), (4, 64, 48, 49), (8, 64, 72, 49), (8, 64, 56, 50), (8, 64, 48, 50), (2, 64, 72, 50), (4, 64, 144, 50)]"
16,1,32,128,65536,0.00390625,99.8,64.2,1.556,"[(4, 64, 48, 64), (2, 64, 152, 65), (8, 128, 32, 65), (2, 64, -1, 65), (4, 64, 256, 65), (4, 64, 56, 65), (4, 64, 152, 65), (2, 64, 56, 65), (2, 64, 72, 66), (2, 64, 48, 66)]"
16,2,32,128,65536,0.00390625,211.6,77.1,2.744,"[(4, 64, 32, 77), (8, 64, 32, 77), (8, 128, 16, 77), (4, 64, 72, 79), (4, 64, 64, 80), (8, 64, 24, 80), (8, 64, 64, 81), (8, 128, 48, 81), (4, 64, 112, 82), (4, 64, 120, 82)]"
