batch_size,next_n,heads,index_dim,avg_kv_length,var_ratio,deepgemm_us,moreh_us,speedup,num_warp,chunkK,splitK
8,1,32,128,65536,0.00390625,55.3,35.4,1.561,4,64,96
8,2,32,128,65536,0.00390625,100.5,46.1,2.178,4,64,72
16,1,32,128,65536,0.00390625,99.8,64.2,1.556,4,64,48
16,2,32,128,65536,0.00390625,211.6,77.1,2.744,4,64,32
