batch_size,next_n,heads,index_dim,avg_kv_length,var_ratio,deepgemm_us,moreh_us,speedup,num_warp,chunkK,splitK
1,1,32,128,65536,0.00390625,8.6,11.2,0.766,2,64,-1
1,2,32,128,65536,0.00390625,12.6,14.9,0.848,4,64,456
9,1,32,128,65536,0.00390625,60.7,33.2,1.831,8,128,64
9,2,32,128,65536,0.00390625,135.7,63.7,2.129,8,128,24
