batch_size,next_n,heads,index_dim,avg_kv_length,var_ratio,deepgemm_us,moreh_us,speedup,num_warp,chunkK,splitK
7,1,32,128,65536,0.00390625,46.7,34.1,1.372,4,128,72
7,2,32,128,65536,0.00390625,91.5,53.0,1.726,4,64,248
15,1,32,128,65536,0.00390625,92.1,50.4,1.828,4,64,144
15,2,32,128,65536,0.00390625,179.1,80.0,2.239,4,64,40
