batch_size,next_n,heads,index_dim,avg_kv_length,var_ratio,deepgemm_us,moreh_us,speedup,top_configs
4,1,32,128,65536,0.00390625,32.1,23.0,1.393,"[(4, 128, 160, 23), (4, 128, -1, 23), (4, 128, 152, 23), (4, 128, 136, 24), (4, 128, 128, 24), (2, 64, -1, 24), (4, 64, 168, 26), (4, 64, 248, 26), (4, 64, 136, 26), (8, 128, 208, 26)]"
4,2,32,128,65536,0.00390625,58.5,38.3,1.527,"[(2, 64, -1, 38), (4, 64, 944, 38), (4, 64, 784, 39), (4, 64, 952, 39), (4, 64, 768, 39), (4, 64, 984, 39), (8, 64, 72, 39), (4, 64, 112, 39), (4, 64, 776, 39), (4, 64, 72, 39)]"
12,1,32,128,65536,0.00390625,81.7,51.6,1.583,"[(4, 64, -1, 51), (8, 64, -1, 52), (2, 64, -1, 52), (4, 64, 64, 52), (2, 64, 72, 52), (4, 64, 72, 52), (2, 64, 480, 52), (4, 64, 344, 52), (4, 64, 304, 52), (2, 64, 488, 53)]"
12,2,32,128,65536,0.00390625,166.4,87.0,1.914,"[(8, 64, 24, 86), (4, 64, 24, 87), (4, 64, 32, 87), (2, 64, -1, 87), (4, 64, -1, 87), (8, 64, -1, 87), (4, 64, 288, 88), (8, 64, 32, 89), (2, 64, 40, 89), (4, 64, 440, 89)]"
