batch_size,next_n,heads,index_dim,avg_kv_length,var_ratio,deepgemm_us,moreh_us,speedup,num_warp,chunkK,splitK
6,1,32,128,65536,0.00390625,41.9,31.0,1.353,8,128,72
6,2,32,128,65536,0.00390625,80.5,51.5,1.562,2,64,-1
14,1,32,128,65536,0.00390625,92.2,44.7,2.063,4,128,40
14,2,32,128,65536,0.00390625,169.7,88.3,1.922,2,64,40
