batch_size,next_n,heads,index_dim,avg_kv_length,var_ratio,deepgemm_us,moreh_us,speedup,top_configs
5,1,32,128,65536,0.00390625,43.3,25.1,1.722,"[(8, 64, 104, 25), (4, 64, 216, 25), (4, 64, 224, 25), (4, 64, 248, 25), (8, 64, 256, 26), (8, 64, 248, 26), (8, 128, 96, 26), (8, 128, 88, 26), (8, 64, 96, 27), (8, 128, 120, 27)]"
5,2,32,128,65536,0.00390625,70.2,40.4,1.738,"[(2, 64, 104, 40), (2, 64, 112, 40), (2, 64, 88, 41), (2, 64, 80, 41), (4, 64, -1, 42), (8, 128, -1, 42), (8, 64, -1, 43), (8, 128, 64, 43), (4, 64, 56, 43), (2, 64, 96, 43)]"
13,1,32,128,65536,0.00390625,87.6,48.4,1.81,"[(8, 128, 104, 48), (8, 128, 112, 48), (8, 128, 128, 48), (8, 128, 120, 48), (4, 64, 104, 49), (4, 64, 112, 49), (4, 64, 168, 49), (8, 128, 40, 49), (4, 64, 160, 50), (4, 64, 152, 50)]"
13,2,32,128,65536,0.00390625,176.0,81.4,2.163,"[(4, 64, 96, 81), (8, 64, 96, 84), (8, 128, 64, 87), (8, 128, 88, 89), (4, 128, 64, 89), (8, 128, 96, 89), (4, 64, 176, 91), (4, 64, 192, 91), (4, 64, 144, 91), (4, 64, 168, 91)]"
