batch_size,next_n,heads,index_dim,avg_kv_length,var_ratio,deepgemm_us,moreh_us,speedup,num_warp,chunkK,splitK
4,1,32,128,65536,0.00390625,32.1,23.0,1.393,4,128,160
4,2,32,128,65536,0.00390625,58.5,38.3,1.527,2,64,-1
12,1,32,128,65536,0.00390625,81.7,51.6,1.583,4,64,-1
12,2,32,128,65536,0.00390625,166.4,87.0,1.914,8,64,24
