batch_size,next_n,heads,index_dim,avg_kv_length,var_ratio,deepgemm_us,moreh_us,speedup,num_warp,chunkK,splitK
5,1,32,128,65536,0.00390625,43.3,25.1,1.722,8,64,104
5,2,32,128,65536,0.00390625,70.2,40.4,1.738,2,64,104
13,1,32,128,65536,0.00390625,87.6,48.4,1.81,8,128,104
13,2,32,128,65536,0.00390625,176.0,81.4,2.163,4,64,96
