batch_size,next_n,heads,index_dim,avg_kv_length,var_ratio,deepgemm_us,moreh_us,speedup,top_configs
6,1,32,128,65536,0.00390625,41.9,31.0,1.353,"[(8, 128, 72, 30), (2, 64, -1, 31), (8, 64, 96, 33), (8, 64, 448, 33), (8, 64, 392, 33), (8, 64, 456, 33), (8, 64, 408, 33), (4, 64, -1, 33), (8, 64, 416, 33), (8, 64, 400, 33)]"
6,2,32,128,65536,0.00390625,80.5,51.5,1.562,"[(2, 64, -1, 51), (4, 64, -1, 51), (4, 64, 64, 52), (4, 64, 48, 52), (8, 64, 48, 52), (2, 64, 72, 52), (8, 64, -1, 52), (4, 64, 72, 52), (8, 64, 64, 53), (2, 64, 96, 53)]"
14,1,32,128,65536,0.00390625,92.2,44.7,2.063,"[(4, 128, 40, 44), (8, 128, 40, 45), (8, 64, 40, 45), (4, 64, 40, 48), (4, 64, 64, 49), (8, 128, 152, 51), (4, 64, 136, 52), (4, 64, 144, 52), (4, 64, 88, 53), (8, 64, 64, 53)]"
14,2,32,128,65536,0.00390625,169.7,88.3,1.922,"[(2, 64, 40, 88), (4, 64, 40, 88), (4, 128, 40, 90), (8, 128, 40, 91), (4, 64, 32, 91), (4, 64, 80, 91), (8, 64, 32, 93), (2, 64, 32, 93), (2, 64, 80, 93), (4, 128, -1, 95)]"
