batch_size,next_n,heads,index_dim,avg_kv_length,var_ratio,deepgemm_us,moreh_us,speedup,num_warp,chunkK,splitK
2,1,32,128,65536,0.00390625,14.3,12.0,1.197,8,256,144
2,2,32,128,65536,0.00390625,30.6,23.2,1.318,8,64,216
10,1,32,128,65536,0.00390625,64.8,41.7,1.553,8,256,32
10,2,32,128,65536,0.00390625,110.9,67.6,1.639,4,128,-1
