batch_size,next_n,heads,index_dim,avg_kv_length,var_ratio,deepgemm_us,moreh_us,speedup,top_configs
7,1,32,128,65536,0.00390625,46.7,34.1,1.372,"[(4, 128, 72, 34), (4, 64, 320, 34), (4, 64, 304, 34), (4, 64, 312, 34), (2, 64, -1, 34), (4, 64, 464, 35), (4, 64, 496, 35), (4, 64, 80, 35), (4, 64, 472, 35), (8, 128, 240, 35)]"
7,2,32,128,65536,0.00390625,91.5,53.0,1.726,"[(4, 64, 248, 53), (8, 128, 40, 53), (4, 128, 40, 53), (4, 64, 72, 53), (8, 128, 104, 54), (4, 64, 56, 54), (4, 64, 304, 55), (4, 64, 120, 55), (8, 64, 40, 55), (4, 64, 128, 55)]"
15,1,32,128,65536,0.00390625,92.1,50.4,1.828,"[(4, 64, 144, 50), (4, 64, 136, 50), (8, 64, 144, 53), (8, 64, 136, 53), (2, 64, 144, 53), (2, 64, 136, 53), (8, 256, -1, 53), (8, 256, 40, 53), (8, 128, 168, 56), (8, 128, 152, 56)]"
15,2,32,128,65536,0.00390625,179.1,80.0,2.239,"[(4, 64, 40, 79), (8, 64, 40, 82), (2, 64, 40, 83), (8, 128, 40, 85), (4, 128, 40, 86), (4, 64, 72, 95), (8, 128, 64, 97), (8, 128, 16, 97), (2, 64, 72, 98), (8, 64, 72, 98)]"
