batch_size,next_n,heads,index_dim,avg_kv_length,var_ratio,deepgemm_us,moreh_us,speedup,num_warp,chunkK,splitK
3,1,32,128,65536,0.00390625,27.3,19.3,1.413,8,64,88
3,2,32,128,65536,0.00390625,46.7,31.3,1.489,2,64,-1
11,1,32,128,65536,0.00390625,74.2,42.3,1.754,4,64,80
11,2,32,128,65536,0.00390625,165.5,66.8,2.479,4,64,40
