batch_size,next_n,heads,index_dim,avg_kv_length,var_ratio,deepgemm_us,moreh_us,speedup,num_warp,chunkK,splitK
2,1,32,128,65536,0.00390625,14.2,15.0,0.947,8,128,312
2,2,32,128,65536,0.00390625,27.4,25.2,1.087,2,64,-1
10,1,32,128,65536,0.00390625,62.9,38.0,1.655,8,256,32
10,2,32,128,65536,0.00390625,111.1,69.8,1.592,8,128,-1
