batch_size,next_n,heads,index_dim,avg_kv_length,var_ratio,deepgemm_us,moreh_us,speedup,num_warp,chunkK,splitK
3,1,32,128,65536,0.00390625,28.5,19.6,1.453,8,128,-1
3,2,32,128,65536,0.00390625,46.6,29.3,1.591,8,128,96
11,1,32,128,65536,0.00390625,72.8,39.6,1.836,4,64,80
11,2,32,128,65536,0.00390625,166.3,67.6,2.461,4,64,40
