batch_size,next_n,heads,index_dim,avg_kv_length,var_ratio,deepgemm_us,moreh_us,speedup,num_warp,chunkK,splitK
6,1,32,128,65536,0.00390625,46.8,31.4,1.489,4,64,376
6,2,32,128,65536,0.00390625,79.7,52.1,1.529,8,64,-1
14,1,32,128,65536,0.00390625,90.8,45.1,2.015,4,128,40
14,2,32,128,65536,0.00390625,169.7,91.7,1.85,2,64,40
