batch_size,next_n,heads,index_dim,avg_kv_length,var_ratio,deepgemm_us,moreh_us,speedup,num_warp,chunkK,splitK
5,1,32,128,65536,0.00390625,39.7,25.9,1.535,4,128,-1
5,2,32,128,65536,0.00390625,69.8,42.5,1.641,4,64,-1
13,1,32,128,65536,0.00390625,82.8,49.1,1.688,8,128,120
13,2,32,128,65536,0.00390625,176.6,84.8,2.083,4,64,96
