batch_size,next_n,heads,index_dim,avg_kv_length,var_ratio,deepgemm_us,moreh_us,speedup,num_warp,chunkK,splitK
4,1,32,128,65536,0.00390625,31.8,23.2,1.367,8,64,216
4,2,32,128,65536,0.00390625,53.7,36.2,1.482,8,64,112
12,1,32,128,65536,0.00390625,82.2,51.4,1.6,4,64,-1
12,2,32,128,65536,0.00390625,167.2,86.5,1.934,4,64,24
