batch_size,next_n,heads,index_dim,avg_kv_length,var_ratio,deepgemm_us,moreh_us,speedup,num_warp,chunkK,splitK
1,1,32,128,65536,0.00390625,8.8,12.0,0.727,8,128,328
1,2,32,128,65536,0.00390625,12.9,13.6,0.948,4,64,496
9,1,32,128,65536,0.00390625,58.3,33.6,1.738,8,128,64
9,2,32,128,65536,0.00390625,137.7,61.7,2.23,4,128,24
