batch_size,next_n,heads,index_dim,avg_kv_length,var_ratio,deepgemm_us,moreh_us,speedup,num_warp,chunkK,splitK
8,1,32,128,65536,0.00390625,56.2,36.1,1.557,2,64,104
8,2,32,128,65536,0.00390625,100.5,48.4,2.079,4,64,56
16,1,32,128,65536,0.00390625,101.1,62.6,1.616,8,128,32
16,2,32,128,65536,0.00390625,214.9,76.5,2.808,4,64,32
