batch_size,next_n,heads,index_dim,avg_kv_length,var_ratio,deepgemm_us,moreh_us,speedup,num_warp,chunkK,splitK
7,1,32,128,65536,0.00390625,49.0,32.4,1.511,4,64,144
7,2,32,128,65536,0.00390625,89.6,52.1,1.721,4,64,72
15,1,32,128,65536,0.00390625,95.3,47.3,2.016,8,64,80
15,2,32,128,65536,0.00390625,178.0,84.1,2.117,2,64,40
