batch_size,next_n,heads,index_dim,avg_kv_length,var_ratio,deepgemm_us,moreh_us,speedup,top_configs
2,1,32,128,65536,0.00390625,13.1,16.5,0.792,"[(8, 128, -1, 16), (8, 128, 336, 16), (8, 128, 392, 16), (8, 128, 312, 16), (8, 128, 360, 16), (8, 128, 416, 16), (8, 128, 304, 16), (8, 128, 320, 16), (8, 128, 440, 16), (8, 128, 464, 16)]"
2,2,32,128,65536,0.00390625,32.4,22.5,1.438,"[(8, 128, 168, 22), (8, 128, 160, 22), (4, 64, 160, 23), (4, 64, 168, 23), (4, 64, 136, 24), (4, 64, 120, 25), (4, 64, 128, 25), (4, 64, 112, 26), (4, 64, 104, 26), (4, 64, 216, 26)]"
10,1,32,128,65536,0.00390625,63.6,42.9,1.484,"[(8, 128, 56, 42), (4, 64, 96, 43), (8, 256, 32, 43), (4, 64, 88, 44), (4, 64, 128, 44), (8, 64, 96, 44), (4, 64, 120, 44), (4, 64, 248, 45), (4, 64, 72, 45), (4, 64, 104, 45)]"
10,2,32,128,65536,0.00390625,113.2,67.0,1.689,"[(8, 128, -1, 67), (4, 64, 40, 69), (8, 64, 40, 70), (4, 128, -1, 72), (8, 128, 24, 73), (4, 64, 48, 73), (8, 128, 56, 73), (8, 128, 64, 73), (8, 64, -1, 73), (4, 64, 120, 74)]"
