batch_size,next_n,heads,index_dim,avg_kv_length,var_ratio,deepgemm_us,moreh_us,speedup,num_warp,chunkK,splitK
5,1,32,128,65536,0.00390625,42.9,23.8,1.807,8,128,112
5,2,32,128,65536,0.00390625,68.2,42.5,1.603,8,128,64
13,1,32,128,65536,0.00390625,85.0,49.4,1.719,8,128,104
13,2,32,128,65536,0.00390625,177.0,81.1,2.182,8,64,-1
