batch_size,next_n,heads,index_dim,avg_kv_length,var_ratio,deepgemm_us,moreh_us,speedup,top_configs
4,1,32,128,65536,0.00390625,32.3,26.8,1.204,"[(4, 64, 240, 26), (8, 128, 144, 26), (4, 64, 208, 26), (8, 128, 152, 26), (8, 128, -1, 26), (4, 64, 232, 26), (4, 64, 152, 27), (4, 128, 288, 27), (4, 128, 264, 27), (8, 128, 168, 27)]"
4,2,32,128,65536,0.00390625,58.3,36.9,1.578,"[(4, 128, 72, 36), (4, 128, 64, 37), (4, 64, 120, 39), (8, 128, 72, 39), (8, 128, 80, 39), (4, 64, 136, 39), (4, 64, 144, 39), (4, 64, 104, 39), (4, 128, 80, 39), (4, 64, 96, 40)]"
12,1,32,128,65536,0.00390625,83.8,51.4,1.63,"[(4, 64, 64, 51), (8, 128, 48, 51), (8, 128, -1, 51), (4, 64, 96, 51), (2, 64, 96, 51), (4, 64, 72, 52), (8, 128, 40, 52), (8, 64, 72, 52), (4, 64, -1, 52), (4, 64, 88, 52)]"
12,2,32,128,65536,0.00390625,166.7,84.4,1.975,"[(8, 128, 24, 84), (4, 64, 40, 84), (4, 64, 48, 85), (4, 64, 32, 86), (4, 64, -1, 87), (8, 64, 32, 87), (8, 64, 24, 87), (4, 128, 24, 88), (4, 64, 96, 88), (8, 64, -1, 88)]"
