batch_size,next_n,heads,index_dim,avg_kv_length,var_ratio,deepgemm_us,moreh_us,speedup,top_configs
5,1,32,128,65536,0.00390625,42.9,23.8,1.807,"[(8, 128, 112, 23), (8, 128, 128, 23), (8, 64, 104, 24), (8, 64, 128, 26), (8, 128, 96, 26), (8, 128, 88, 26), (4, 64, 224, 26), (4, 64, 216, 26), (4, 64, 232, 26), (8, 128, 120, 27)]"
5,2,32,128,65536,0.00390625,68.2,42.5,1.603,"[(8, 128, 64, 42), (8, 128, -1, 43), (8, 64, -1, 43), (4, 64, 112, 43), (8, 128, 48, 43), (4, 64, 104, 43), (4, 128, 64, 43), (4, 128, -1, 44), (8, 64, 112, 44), (2, 64, 104, 44)]"
13,1,32,128,65536,0.00390625,85.0,49.4,1.719,"[(8, 128, 104, 49), (8, 128, 112, 50), (8, 128, 120, 50), (8, 128, 128, 50), (4, 64, 152, 51), (8, 64, 112, 52), (8, 64, 104, 52), (4, 64, 176, 52), (4, 64, 192, 52), (8, 64, 48, 53)]"
13,2,32,128,65536,0.00390625,177.0,81.1,2.182,"[(8, 64, -1, 81), (4, 64, -1, 84), (4, 64, 96, 85), (8, 128, 64, 85), (8, 128, 56, 86), (8, 128, 48, 86), (8, 64, 112, 87), (4, 64, 112, 88), (8, 64, 104, 88), (8, 64, 96, 89)]"
