batch_size,next_n,heads,index_dim,avg_kv_length,var_ratio,deepgemm_us,moreh_us,speedup,num_warp,chunkK,splitK
8,1,32,128,65536,0.00390625,57.7,35.2,1.637,8,128,80
8,2,32,128,65536,0.00390625,99.3,48.4,2.051,4,64,72
16,1,32,128,65536,0.00390625,103.9,61.1,1.702,4,64,48
16,2,32,128,65536,0.00390625,211.9,81.2,2.61,8,64,32
