batch_size,next_n,heads,index_dim,avg_kv_length,var_ratio,deepgemm_us,moreh_us,speedup,top_configs
8,1,32,128,65536,0.00390625,57.7,35.2,1.637,"[(8, 128, 80, 35), (4, 128, 80, 36), (4, 64, 104, 38), (8, 64, 272, 39), (8, 64, 264, 39), (8, 128, -1, 39), (4, 64, 120, 39), (4, 64, 256, 39), (4, 64, 248, 39), (8, 128, 72, 39)]"
8,2,32,128,65536,0.00390625,99.3,48.4,2.051,"[(4, 64, 72, 48), (8, 128, 32, 48), (4, 64, 56, 49), (8, 64, 56, 49), (4, 64, 144, 49), (4, 64, 64, 50), (8, 64, 72, 50), (4, 64, 168, 51), (4, 64, 152, 51), (8, 64, 48, 51)]"
16,1,32,128,65536,0.00390625,103.9,61.1,1.702,"[(4, 64, 48, 61), (8, 128, 32, 62), (4, 64, 72, 63), (4, 64, 40, 63), (8, 64, 56, 63), (4, 64, 56, 64), (8, 128, 80, 64), (8, 64, 48, 64), (4, 64, 160, 64), (4, 64, 136, 64)]"
16,2,32,128,65536,0.00390625,211.9,81.2,2.61,"[(8, 64, 32, 81), (8, 128, 16, 81), (4, 64, 32, 83), (4, 64, 72, 83), (8, 64, 72, 83), (8, 64, 64, 85), (4, 64, 120, 85), (8, 64, 24, 85), (4, 64, 64, 86), (4, 64, 112, 86)]"
