batch_size,next_n,heads,index_dim,avg_kv_length,var_ratio,deepgemm_us,moreh_us,speedup,top_configs
3,1,32,128,65536,0.00390625,28.2,19.0,1.485,"[(4, 128, 208, 19), (4, 128, 224, 19), (4, 128, 216, 19), (8, 64, 304, 19), (8, 256, 104, 20), (8, 64, 440, 20), (8, 64, 408, 20), (8, 128, 256, 22), (8, 128, 224, 22), (8, 128, 248, 22)]"
3,2,32,128,65536,0.00390625,46.6,30.0,1.556,"[(8, 64, 152, 29), (8, 64, 160, 30), (8, 64, 192, 31), (8, 64, 176, 31), (8, 128, 96, 32), (4, 64, 128, 33), (4, 128, 88, 33), (8, 64, 136, 33), (8, 64, 144, 33), (4, 64, 96, 33)]"
11,1,32,128,65536,0.00390625,73.4,39.6,1.853,"[(4, 64, 80, 39), (8, 64, 80, 39), (4, 64, 176, 44), (4, 64, 200, 44), (4, 64, 192, 44), (4, 64, 184, 45), (2, 64, 96, 46), (8, 64, 192, 46), (8, 64, 176, 46), (8, 64, 184, 46)]"
11,2,32,128,65536,0.00390625,166.9,68.0,2.454,"[(4, 64, 40, 68), (8, 64, 40, 68), (8, 128, 40, 76), (4, 64, 80, 76), (8, 64, 144, 77), (8, 128, 48, 77), (8, 64, 80, 78), (8, 64, 136, 78), (4, 64, 136, 79), (4, 64, 144, 79)]"
