batch_size,next_n,heads,index_dim,avg_kv_length,var_ratio,deepgemm_us,moreh_us,speedup,num_warp,chunkK,splitK
3,1,32,128,65536,0.00390625,28.2,19.0,1.485,4,128,208
3,2,32,128,65536,0.00390625,46.6,30.0,1.556,8,64,152
11,1,32,128,65536,0.00390625,73.4,39.6,1.853,4,64,80
11,2,32,128,65536,0.00390625,166.9,68.0,2.454,4,64,40
