batch_size,next_n,heads,index_dim,avg_kv_length,var_ratio,deepgemm_us,moreh_us,speedup,num_warp,chunkK,splitK
4,1,32,128,65536,0.00390625,32.3,26.8,1.204,4,64,240
4,2,32,128,65536,0.00390625,58.3,36.9,1.578,4,128,72
12,1,32,128,65536,0.00390625,83.8,51.4,1.63,4,64,64
12,2,32,128,65536,0.00390625,166.7,84.4,1.975,8,128,24
