batch_size,next_n,heads,index_dim,avg_kv_length,var_ratio,deepgemm_us,moreh_us,speedup,top_configs
1,1,32,128,65536,0.00390625,9.0,11.6,0.774,"[(2, 64, -1, 11), (8, 128, 280, 12), (8, 128, 416, 12), (8, 128, 480, 12), (8, 128, 368, 12), (8, 128, 464, 12), (8, 128, 288, 12), (8, 128, 456, 12), (2, 64, 944, 12), (4, 64, 632, 12)]"
1,2,32,128,65536,0.00390625,14.2,14.9,0.959,"[(8, 128, 392, 14), (8, 128, 368, 14), (8, 128, 344, 14), (8, 128, 360, 14), (8, 128, 336, 14), (8, 128, 168, 15), (8, 128, 160, 15), (8, 128, 184, 16), (8, 128, 264, 16), (8, 128, 416, 16)]"
9,1,32,128,65536,0.00390625,62.9,33.8,1.863,"[(8, 128, 64, 33), (4, 128, 64, 38), (4, 64, 112, 38), (4, 64, 104, 40), (8, 64, 112, 41), (8, 64, 64, 41), (8, 64, 104, 41), (4, 64, 88, 41), (4, 64, 96, 41), (8, 64, 160, 42)]"
9,2,32,128,65536,0.00390625,136.6,63.6,2.148,"[(8, 128, 24, 63), (8, 128, 56, 65), (8, 128, 32, 67), (4, 64, 136, 67), (4, 64, 144, 67), (4, 64, 48, 67), (4, 64, 304, 67), (4, 64, 64, 68), (8, 64, 144, 68), (8, 64, 120, 68)]"
