batch_size,next_n,heads,index_dim,avg_kv_length,var_ratio,deepgemm_us,moreh_us,speedup,top_configs
7,1,32,128,65536,0.00390625,48.8,32.0,1.524,"[(8, 64, 144, 32), (4, 64, 192, 32), (4, 64, 184, 32), (4, 64, 200, 32), (8, 128, -1, 33), (8, 64, 200, 33), (4, 128, -1, 33), (8, 64, 176, 33), (8, 64, 160, 34), (8, 64, 168, 34)]"
7,2,32,128,65536,0.00390625,91.1,53.2,1.713,"[(4, 64, 72, 53), (8, 64, 72, 54), (4, 64, 128, 56), (4, 64, 64, 56), (8, 128, 88, 56), (8, 128, 40, 56), (8, 64, 64, 56), (4, 64, 80, 57), (8, 128, 112, 57), (4, 64, 160, 57)]"
15,1,32,128,65536,0.00390625,96.3,45.6,2.113,"[(4, 64, 80, 45), (8, 64, 80, 48), (2, 64, 80, 53), (4, 64, 136, 55), (8, 128, -1, 56), (8, 64, 144, 56), (8, 128, 40, 56), (4, 64, 144, 56), (8, 128, 32, 57), (4, 64, 56, 57)]"
15,2,32,128,65536,0.00390625,176.3,92.5,1.905,"[(8, 64, 24, 92), (8, 128, 40, 94), (4, 64, 72, 95), (8, 128, 64, 95), (8, 64, 72, 96), (4, 64, 24, 96), (4, 64, 128, 98), (4, 64, 120, 98), (8, 128, -1, 98), (4, 64, 112, 99)]"
