batch_size,next_n,heads,index_dim,avg_kv_length,var_ratio,deepgemm_us,moreh_us,speedup,num_warp,chunkK,splitK
2,1,32,128,65536,0.00390625,13.1,16.5,0.792,8,128,-1
2,2,32,128,65536,0.00390625,32.4,22.5,1.438,8,128,168
10,1,32,128,65536,0.00390625,63.6,42.9,1.484,8,128,56
10,2,32,128,65536,0.00390625,113.2,67.0,1.689,8,128,-1
