batch_size,next_n,heads,index_dim,avg_kv_length,var_ratio,deepgemm_us,moreh_us,speedup,top_configs
6,1,32,128,65536,0.00390625,45.1,29.6,1.522,"[(8, 64, 144, 29), (8, 64, 136, 29), (8, 64, -1, 29), (8, 64, 152, 30), (8, 64, 176, 30), (4, 64, 928, 32), (4, 64, 912, 32), (4, 64, 904, 32), (8, 128, 88, 32), (4, 64, 160, 33)]"
6,2,32,128,65536,0.00390625,78.7,48.3,1.632,"[(2, 64, 96, 48), (2, 64, 88, 48), (2, 64, 80, 51), (4, 64, 96, 51), (4, 64, 88, 52), (8, 128, 40, 52), (8, 128, -1, 52), (4, 64, 64, 52), (4, 128, 48, 52), (4, 64, 72, 52)]"
14,1,32,128,65536,0.00390625,91.7,49.6,1.847,"[(8, 128, 40, 49), (8, 128, 88, 50), (4, 64, 88, 50), (8, 128, 96, 51), (8, 128, 72, 51), (8, 64, 88, 53), (4, 128, 40, 54), (8, 64, 40, 55), (4, 64, 56, 55), (4, 64, 80, 55)]"
14,2,32,128,65536,0.00390625,169.1,85.9,1.968,"[(4, 64, 40, 85), (8, 64, 40, 88), (8, 128, 40, 89), (4, 64, 32, 90), (8, 64, 32, 90), (8, 128, -1, 92), (4, 64, 80, 93), (4, 64, 88, 94), (4, 64, 72, 95), (8, 64, -1, 96)]"
