batch_size,next_n,heads,index_dim,avg_kv_length,var_ratio,deepgemm_us,moreh_us,speedup,num_warp,chunkK,splitK
6,1,32,128,65536,0.00390625,45.1,29.6,1.522,8,64,144
6,2,32,128,65536,0.00390625,78.7,48.3,1.632,2,64,96
14,1,32,128,65536,0.00390625,91.7,49.6,1.847,8,128,40
14,2,32,128,65536,0.00390625,169.1,85.9,1.968,4,64,40
