batch_size,next_n,heads,index_dim,avg_kv_length,var_ratio,deepgemm_us,moreh_us,speedup,num_warp,chunkK,splitK
1,1,32,128,65536,0.00390625,9.0,11.6,0.774,2,64,-1
1,2,32,128,65536,0.00390625,14.2,14.9,0.959,8,128,392
9,1,32,128,65536,0.00390625,62.9,33.8,1.863,8,128,64
9,2,32,128,65536,0.00390625,136.6,63.6,2.148,8,128,24
