batch_size,next_n,heads,index_dim,avg_kv_length,var_ratio,deepgemm_us,moreh_us,speedup,num_warp,chunkK,splitK
7,1,32,128,65536,0.00390625,48.8,32.0,1.524,8,64,144
7,2,32,128,65536,0.00390625,91.1,53.2,1.713,4,64,72
15,1,32,128,65536,0.00390625,96.3,45.6,2.113,4,64,80
15,2,32,128,65536,0.00390625,176.3,92.5,1.905,8,64,24
