batch_size,next_n,heads,index_dim,avg_kv_length,var_ratio,deepgemm_us,moreh_us,speedup,top_configs
8,1,32,128,65536,0.00390625,56.5,38.0,1.489,"[(4, 64, 456, 37), (4, 64, 488, 38), (4, 64, 384, 38), (2, 64, -1, 38), (4, 64, 376, 38), (4, 64, 496, 38), (8, 64, 72, 39), (4, 64, 88, 40), (2, 64, 112, 40), (4, 64, 120, 40)]"
8,2,32,128,65536,0.00390625,97.5,46.9,2.077,"[(4, 64, 56, 46), (4, 64, 64, 47), (4, 64, 72, 47), (8, 128, 32, 48), (8, 64, 56, 48), (4, 64, 48, 48), (2, 64, 72, 49), (8, 64, 72, 49), (2, 64, 56, 50), (4, 64, 136, 50)]"
