batch_size,next_n,heads,index_dim,avg_kv_length,var_ratio,deepgemm_us,moreh_us,speedup,top_configs
5,1,32,128,65536,0.00390625,42.9,26.8,1.603,"[(8, 128, 96, 26), (8, 128, 112, 26), (8, 128, -1, 26), (8, 128, 104, 27), (8, 128, 128, 27), (8, 128, 120, 27), (4, 128, -1, 27), (2, 64, -1, 27), (4, 64, 112, 27), (4, 128, 112, 27)]"
5,2,32,128,65536,0.00390625,71.1,42.7,1.668,"[(8, 128, -1, 42), (8, 64, -1, 43), (2, 64, -1, 43), (4, 128, 64, 43), (8, 128, 64, 43), (4, 64, -1, 43), (8, 128, 48, 43), (8, 64, 56, 44), (4, 128, -1, 44), (4, 64, 56, 44)]"
