batch_size,next_n,heads,index_dim,avg_kv_length,var_ratio,deepgemm_us,moreh_us,speedup,top_configs
1,1,32,128,65536,0.00390625,10.8,9.2,1.17,"[(2, 64, -1, 9), (4, 64, 768, 10), (2, 64, 320, 10), (8, 128, 336, 11), (8, 128, 480, 11), (8, 128, 384, 11), (8, 128, 296, 11), (8, 128, 312, 11), (8, 128, 424, 11), (8, 128, 408, 11)]"
1,2,32,128,65536,0.00390625,12.0,14.2,0.847,"[(8, 128, 432, 14), (8, 128, 440, 14), (4, 64, 360, 16), (4, 64, 312, 16), (8, 128, 160, 16), (4, 64, 304, 16), (4, 64, 664, 16), (4, 64, 512, 16), (4, 128, 192, 16), (8, 128, 336, 16)]"
