batch_size,next_n,heads,index_dim,avg_kv_length,var_ratio,deepgemm_us,moreh_us,speedup,top_configs
7,1,32,128,65536,0.00390625,47.7,32.7,1.458,"[(8, 64, 128, 32), (8, 128, 88, 32), (8, 128, 64, 33), (8, 64, 112, 33), (4, 64, 184, 34), (2, 64, -1, 34), (8, 64, 192, 34), (8, 64, 184, 34), (4, 64, 88, 34), (4, 64, 80, 34)]"
7,2,32,128,65536,0.00390625,89.2,49.5,1.801,"[(4, 64, 64, 49), (4, 64, 288, 52), (4, 64, 280, 52), (4, 64, 72, 53), (2, 64, 64, 54), (8, 64, 64, 54), (4, 64, 216, 55), (4, 64, 264, 55), (4, 64, 336, 55), (4, 64, 248, 55)]"
