batch_size,next_n,heads,index_dim,avg_kv_length,var_ratio,deepgemm_us,moreh_us,speedup,top_configs
3,1,32,128,65536,0.00390625,28.0,20.7,1.351,"[(8, 64, 136, 20), (4, 128, 208, 21), (2, 64, -1, 21), (8, 128, 200, 22), (8, 128, 248, 22), (8, 128, 224, 22), (8, 128, 216, 22), (8, 128, 208, 22), (8, 128, 256, 22), (4, 64, 272, 22)]"
3,2,32,128,65536,0.00390625,46.8,30.9,1.518,"[(4, 64, -1, 30), (2, 64, -1, 31), (4, 64, 352, 31), (8, 128, 96, 31), (8, 128, 48, 31), (8, 64, 160, 31), (4, 64, 168, 32), (4, 64, 336, 32), (2, 64, 128, 32), (4, 64, 136, 32)]"
