batch_size,next_n,heads,index_dim,avg_kv_length,var_ratio,deepgemm_us,moreh_us,speedup,top_configs
6,1,32,128,65536,0.00390625,43.2,28.1,1.536,"[(8, 128, 88, 28), (8, 128, 80, 29), (8, 64, 168, 30), (8, 64, 72, 31), (8, 128, 96, 31), (2, 64, -1, 31), (8, 64, 176, 31), (8, 128, 168, 31), (8, 128, 208, 31), (8, 128, 176, 32)]"
6,2,32,128,65536,0.00390625,81.7,48.6,1.681,"[(8, 64, 64, 48), (4, 64, 96, 49), (8, 64, 72, 50), (2, 64, -1, 50), (4, 64, 64, 50), (4, 64, -1, 52), (8, 64, 80, 52), (4, 64, 48, 52), (2, 64, 72, 52), (4, 64, 56, 52)]"
