batch_size,next_n,heads,index_dim,avg_kv_length,var_ratio,deepgemm_us,moreh_us,speedup,top_configs
2,1,32,128,65536,0.00390625,11.9,14.5,0.824,"[(8, 256, 248, 14), (8, 128, 264, 14), (8, 128, 416, 14), (4, 128, 296, 15), (8, 128, 400, 15), (8, 128, 192, 15), (8, 128, 504, 16), (8, 128, 288, 16), (8, 128, 352, 16), (8, 128, 424, 16)]"
2,2,32,128,65536,0.00390625,30.7,24.4,1.256,"[(4, 64, 904, 24), (4, 64, 896, 24), (2, 64, -1, 24), (4, 64, 1008, 25), (4, 128, 408, 25), (4, 64, 912, 26), (8, 128, -1, 26), (8, 128, 152, 26), (4, 64, 216, 26), (4, 128, 400, 26)]"
