batch_size,next_n,heads,index_dim,avg_kv_length,var_ratio,deepgemm_us,moreh_us,speedup,top_configs
4,1,32,128,65536,0.00390625,31.9,24.7,1.292,"[(2, 64, -1, 24), (8, 128, 160, 25), (4, 64, 152, 26), (8, 128, 144, 27), (4, 64, 248, 27), (4, 64, 224, 27), (4, 64, -1, 27), (8, 128, 136, 27), (8, 256, 200, 27), (4, 64, 144, 27)]"
4,2,32,128,65536,0.00390625,59.3,37.1,1.598,"[(4, 64, 136, 37), (2, 64, -1, 38), (8, 64, 144, 38), (8, 128, 80, 39), (8, 128, 72, 40), (4, 128, 72, 40), (4, 64, 88, 40), (4, 64, -1, 40), (2, 64, 104, 40), (4, 64, 128, 40)]"
